Round,Funny,Motivational,Sad,Pets,Gaming
1,0.19588,0.216481,0.19588,0.19588,0.19588
2,0.191926,0.212111,0.191926,0.212111,0.191926
3,0.187738,0.229304,0.187738,0.207483,0.187738
4,0.184103,0.224864,0.184103,0.203465,0.203465
5,0.1996,0.220593,0.180606,0.1996,0.1996
6,0.216057,0.216057,0.176893,0.195497,0.195497
7,0.211704,0.211704,0.173329,0.211704,0.191558
8,0.207524,0.207524,0.169906,0.207524,0.207524
9,0.203091,0.203091,0.166277,0.203091,0.22445
10,0.198844,0.198844,0.1628,0.219756,0.219756
